<?xml version="1.0" encoding="UTF-8"?>
<!DOCTYPE generatorConfiguration
        PUBLIC "-//mybatis.org//DTD MyBatis Generator Configuration 1.0//EN"
        "http://mybatis.org/dtd/mybatis-generator-config_1_0.dtd">
<generatorConfiguration>
    <!-- 加载属性文件 -->
    <properties resource="generator/generator-config.properties"/>

    <context id="mysql" targetRuntime="MyBatis3Simple" defaultModelType="flat">
        <property name="beginningDelimiter" value="`"/>
        <property name="endingDelimiter" value="`"/>

        <plugin type="tk.mybatis.mapper.generator.MapperPlugin">
            <!--<property name="mappers" value="tk.mybatis.mapper.common.Mapper" />-->
            <property name="mappers" value="${pre.package}.common.mapper.BaseMapper" />
            <!-- caseSensitive默认false，当数据库表名区分大小写时，可以将该属性设置为true -->
            <property name="caseSensitive" value="true" />
            <!-- 设置lombok注解 -->
            <property name="lombok" value="Data,Builder" />
        </plugin>

        <!--数据库链接地址账号密码-->
        <jdbcConnection
                driverClass="${jdbc.driverClass}"
                connectionURL="${jdbc.url}"
                userId="${jdbc.user}"
                password="${jdbc.password}" >
        </jdbcConnection>


        <!--生成Model类存放位置-->
        <javaModelGenerator targetPackage="${pre.package}.dao.pojo" targetProject="src/main/java">
            <!-- 设置所有的pojo对应的基类 -->
            <property name="rootClass" value="com.laoma.usercenter.common.entity.BaseEntity" />
        </javaModelGenerator>

        <!--生成mapper接口-->
        <sqlMapGenerator targetPackage="${pre.package}.dao.mapper" targetProject="src/main/java">
            <property name="enableSubPackages" value="true"/>
        </sqlMapGenerator>
        <javaClientGenerator type="ANNOTATEDMAPPER" targetPackage="${pre.package}.dao.mapper" targetProject="src/main/java">
            <property name="enableSubPackages" value="true"/>
        </javaClientGenerator>

        <!-- 对应的表名 -->
        <table tableName="user_info" >
        </table>
    </context>
</generatorConfiguration>